{"cameraMode":{"drawMode":0,"name":"Shaded","section":"Shading Mode"},"sceneLighting":false,"audioPlay":false,"sceneViewState":{"showFog":true,"showMaterialUpdate":false,"showSkybox":false,"showFlares":true,"showImageEffects":true,"showParticleSystems":true},"in2DMode":false,"pivot":{"x":0.0,"y":6.353643894195557,"z":0.10347235202789307},"rotation":{"x":-0.0787551999092102,"y":0.29336920380592348,"z":-0.024258121848106386,"w":-0.9524427652359009},"size":10.229092597961426,"orthographic":true}