{"cameraMode":{"drawMode":0,"name":"Shaded","section":"Shading Mode"},"sceneLighting":false,"audioPlay":false,"sceneViewState":{"showFog":true,"showMaterialUpdate":false,"showSkybox":false,"showFlares":true,"showImageEffects":true,"showParticleSystems":true},"in2DMode":false,"pivot":{"x":-0.000050067901611328125,"y":0.15139800310134889,"z":0.11052703857421875},"rotation":{"x":-0.0006994165596552193,"y":0.9924343228340149,"z":-0.12268870323896408,"w":-0.005660721566528082},"size":5.101398944854736,"orthographic":true}